Date,Type,Value
2016-04-09 00:00:00,calories_burned,1698.0
2017-02-17 00:00:00,calories_burned,1683.0
2016-04-16 00:00:00,calories_burned,1698.0
2017-02-10 00:00:00,calories_burned,1683.0
2016-09-03 00:00:00,calories_burned,1663.0
2016-06-15 00:00:00,calories_burned,1663.0
2016-08-14 00:00:00,calories_burned,1664.0
2017-06-10 00:00:00,calories_burned,1678.0
2016-04-22 00:00:00,calories_burned,1809.0
2016-06-21 00:00:00,calories_burned,1663.0
2016-07-31 00:00:00,calories_burned,2633.0
2016-04-02 00:00:00,calories_burned,1698.0
2016-08-07 00:00:00,calories_burned,1663.0
2016-06-28 00:00:00,calories_burned,1663.0
2017-06-03 00:00:00,calories_burned,1678.0
2016-10-06 00:00:00,calories_burned,1663.0
2016-09-16 00:00:00,calories_burned,1663.0
2016-08-27 00:00:00,calories_burned,1738.0
2017-02-03 00:00:00,calories_burned,2163.0
2016-06-29 00:00:00,calories_burned,1663.0
2017-02-11 00:00:00,calories_burned,1683.0
2016-08-28 00:00:00,calories_burned,2073.0
2016-08-08 00:00:00,calories_burned,2999.0
2016-04-10 00:00:00,calories_burned,1790.0
2016-09-17 00:00:00,calories_burned,1663.0
2016-09-04 00:00:00,calories_burned,1664.0
2016-08-15 00:00:00,calories_burned,2178.0
2017-06-11 00:00:00,calories_burned,1678.0
2016-08-01 00:00:00,calories_burned,2097.0
2017-02-04 00:00:00,calories_burned,1683.0
2016-09-10 00:00:00,calories_burned,1663.0
2016-09-30 00:00:00,calories_burned,1664.0
2016-04-03 00:00:00,calories_burned,1698.0
2017-06-04 00:00:00,calories_burned,1678.0
2016-06-22 00:00:00,calories_burned,1663.0
2016-04-23 00:00:00,calories_burned,1693.0
2016-09-28 00:00:00,calories_burned,1805.0
2016-04-14 00:00:00,calories_burned,1698.0
2017-06-02 00:00:00,calories_burned,1795.0
2017-02-02 00:00:00,calories_burned,1845.0
2016-04-21 00:00:00,calories_burned,1693.0
2017-02-15 00:00:00,calories_burned,1683.0
2016-04-01 00:00:00,calories_burned,1809.0
2016-06-20 00:00:00,calories_burned,1663.0
2017-06-15 00:00:00,calories_burned,1678.0
2016-06-26 00:00:00,calories_burned,1663.0
2016-04-27 00:00:00,calories_burned,1693.0
2016-04-07 00:00:00,calories_burned,1698.0
2016-08-12 00:00:00,calories_burned,1664.0
2016-06-13 00:00:00,calories_burned,2014.0
2017-06-08 00:00:00,calories_burned,1678.0
2016-09-01 00:00:00,calories_burned,1669.0
2017-02-08 00:00:00,calories_burned,1683.0
2016-06-14 00:00:00,calories_burned,1663.0
2016-04-15 00:00:00,calories_burned,2060.0
2016-08-13 00:00:00,calories_burned,1664.0
2016-09-02 00:00:00,calories_burned,1663.0
2016-09-09 00:00:00,calories_burned,1663.0
2016-09-29 00:00:00,calories_burned,1664.0
2017-02-16 00:00:00,calories_burned,1684.0
2016-08-06 00:00:00,calories_burned,1664.0
2017-02-09 00:00:00,calories_burned,1683.0
2016-06-27 00:00:00,calories_burned,1663.0
2016-09-15 00:00:00,calories_burned,1663.0
2016-08-26 00:00:00,calories_burned,1683.0
2016-10-05 00:00:00,calories_burned,1663.0
2016-04-08 00:00:00,calories_burned,2010.0
2017-06-09 00:00:00,calories_burned,1680.0
2016-04-28 00:00:00,calories_burned,1694.0
2016-10-03 00:00:00,calories_burned,1664.0
2016-09-13 00:00:00,calories_burned,1663.0
2016-03-30 00:00:00,calories_burned,1700.0
2017-02-07 00:00:00,calories_burned,1685.0
2017-06-27 00:00:00,calories_burned,1018.0
2017-06-07 00:00:00,calories_burned,1678.0
2016-04-19 00:00:00,calories_burned,1694.0
2016-04-26 00:00:00,calories_burned,1694.0
2017-02-20 00:00:00,calories_burned,1685.0
2016-04-06 00:00:00,calories_burned,1698.0
2016-08-24 00:00:00,calories_burned,1685.0
2016-06-25 00:00:00,calories_burned,1663.0
2016-08-04 00:00:00,calories_burned,1664.0
2016-04-12 00:00:00,calories_burned,1947.0
2017-05-31 00:00:00,calories_burned,2555.0
2016-06-18 00:00:00,calories_burned,1663.0
2016-09-06 00:00:00,calories_burned,1664.0
2017-02-13 00:00:00,calories_burned,1683.0
2017-02-01 00:00:00,calories_burned,1836.0
2016-06-19 00:00:00,calories_burned,1663.0
2016-04-20 00:00:00,calories_burned,1695.0
2016-09-07 00:00:00,calories_burned,1663.0
2016-09-14 00:00:00,calories_burned,1663.0
2016-08-25 00:00:00,calories_burned,1682.0
2016-08-05 00:00:00,calories_burned,1663.0
2016-10-04 00:00:00,calories_burned,1663.0
2016-03-31 00:00:00,calories_burned,1879.0
2017-06-01 00:00:00,calories_burned,1679.0
2016-08-11 00:00:00,calories_burned,2010.0
2017-02-14 00:00:00,calories_burned,1683.0
2016-09-20 00:00:00,calories_burned,1892.0
2016-08-31 00:00:00,calories_burned,1664.0
2017-06-14 00:00:00,calories_burned,1678.0
2016-06-12 00:00:00,calories_burned,2190.0
2016-04-13 00:00:00,calories_burned,2105.0
2016-09-18 00:00:00,calories_burned,1663.0
2016-04-04 00:00:00,calories_burned,1699.0
2017-02-12 00:00:00,calories_burned,1683.0
2016-04-24 00:00:00,calories_burned,2025.0
2017-06-12 00:00:00,calories_burned,1678.0
2016-04-11 00:00:00,calories_burned,2011.0
2017-02-05 00:00:00,calories_burned,1685.0
2016-08-29 00:00:00,calories_burned,1663.0
2016-08-09 00:00:00,calories_burned,2365.0
2016-06-30 00:00:00,calories_burned,1663.0
2016-04-17 00:00:00,calories_burned,1698.0
2017-06-05 00:00:00,calories_burned,1678.0
2016-06-16 00:00:00,calories_burned,1663.0
2016-08-02 00:00:00,calories_burned,2162.0
2016-06-23 00:00:00,calories_burned,1663.0
2017-05-29 00:00:00,calories_burned,1678.0
2016-09-11 00:00:00,calories_burned,1663.0
2016-10-01 00:00:00,calories_burned,1744.0
2016-08-22 00:00:00,calories_burned,2017.0
2017-02-18 00:00:00,calories_burned,2019.0
2016-06-24 00:00:00,calories_burned,1663.0
2017-02-06 00:00:00,calories_burned,1683.0
2017-06-13 00:00:00,calories_burned,1678.0
2016-04-25 00:00:00,calories_burned,1693.0
2016-08-23 00:00:00,calories_burned,1686.0
2016-08-03 00:00:00,calories_burned,1664.0
2016-09-12 00:00:00,calories_burned,1663.0
2016-10-02 00:00:00,calories_burned,1664.0
2016-08-30 00:00:00,calories_burned,1663.0
2016-09-19 00:00:00,calories_burned,1668.0
2016-08-10 00:00:00,calories_burned,1779.0
2016-04-05 00:00:00,calories_burned,1698.0
2017-06-26 00:00:00,calories_burned,2153.0
2017-06-06 00:00:00,calories_burned,1680.0
2017-02-19 00:00:00,calories_burned,2212.0
2016-09-05 00:00:00,calories_burned,1664.0
2016-08-16 00:00:00,calories_burned,1663.0
2017-05-30 00:00:00,calories_burned,3137.0
2016-06-17 00:00:00,calories_burned,1663.0
2016-04-18 00:00:00,calories_burned,1698.0
2016-09-28 00:00:00,steps,1609.0
2016-03-30 00:00:00,steps,5.0
2017-02-07 00:00:00,steps,6.0
2016-04-24 00:00:00,steps,5028.0
2017-06-27 00:00:00,steps,1345.0
2017-06-02 00:00:00,steps,1717.0
2017-02-02 00:00:00,steps,1036.0
2016-04-11 00:00:00,steps,5760.0
2017-02-20 00:00:00,steps,8.0
2017-02-05 00:00:00,steps,5.0
2016-04-01 00:00:00,steps,1290.0
2016-08-24 00:00:00,steps,57.0
2016-08-09 00:00:00,steps,10349.0
2016-04-22 00:00:00,steps,1760.0
2016-04-12 00:00:00,steps,3423.0
2017-05-31 00:00:00,steps,12791.0
2016-07-31 00:00:00,steps,12085.0
2016-08-02 00:00:00,steps,6622.0
2016-06-13 00:00:00,steps,4716.0
2017-05-29 00:00:00,steps,106.0
2016-10-01 00:00:00,steps,1143.0
2016-09-01 00:00:00,steps,25.0
2016-08-27 00:00:00,steps,518.0
2016-08-22 00:00:00,steps,4407.0
2017-02-18 00:00:00,steps,4603.0
2017-02-03 00:00:00,steps,6839.0
2017-02-01 00:00:00,steps,2433.0
2016-04-15 00:00:00,steps,5229.0
2016-08-28 00:00:00,steps,5827.0
2016-08-23 00:00:00,steps,121.0
2016-08-08 00:00:00,steps,19638.0
2016-04-10 00:00:00,steps,810.0
2016-09-19 00:00:00,steps,24.0
2016-08-25 00:00:00,steps,67.0
2016-08-15 00:00:00,steps,7431.0
2016-08-10 00:00:00,steps,1519.0
2016-03-31 00:00:00,steps,2163.0
2017-06-26 00:00:00,steps,6240.0
2016-08-11 00:00:00,steps,5291.0
2016-08-01 00:00:00,steps,5422.0
2017-02-19 00:00:00,steps,7439.0
2016-09-20 00:00:00,steps,3235.0
2016-08-26 00:00:00,steps,88.0
2016-04-08 00:00:00,steps,3678.0
2017-05-30 00:00:00,steps,20671.0
2016-04-13 00:00:00,steps,5509.0
2017-02-06 00:00:00,sleep_total,117.0
2017-02-12 00:00:00,sleep_total,702.0
2017-02-07 00:00:00,sleep_total,446.0
2016-08-23 00:00:00,sleep_total,374.0
2015-04-21 02:56:48,sleep_total,63.7363344669342
2017-06-27 00:00:00,sleep_total,558.0
2017-02-02 00:00:00,sleep_total,399.0
2015-04-20 10:23:54,sleep_total,216.778695633014
2016-08-25 00:00:00,sleep_total,376.0
2015-04-22 01:45:37,sleep_total,33.0059768329064
2017-06-26 00:00:00,sleep_total,405.0
2016-08-24 00:00:00,sleep_total,621.0
2017-02-14 00:00:00,sleep_total,540.0
2015-05-04 21:54:46,sleep_total,149.514575766524
2015-04-18 10:06:08,sleep_total,395.303279950221
2016-08-26 00:00:00,sleep_total,561.0
2016-07-31 00:00:00,sleep_total,277.0
2016-08-27 00:00:00,sleep_total,483.0
2016-06-12 00:00:00,sleep_total,1049.0
2017-02-13 00:00:00,sleep_total,821.0
2017-02-06 00:00:00,sleep_times_woken,5.0
2016-08-26 00:00:00,sleep_times_woken,40.0
2017-02-12 00:00:00,sleep_times_woken,1.0
2017-02-07 00:00:00,sleep_times_woken,1.0
2016-08-23 00:00:00,sleep_times_woken,32.0
2017-06-27 00:00:00,sleep_times_woken,27.0
2016-07-31 00:00:00,sleep_times_woken,5.0
2017-02-02 00:00:00,sleep_times_woken,16.0
2016-08-25 00:00:00,sleep_times_woken,33.0
2016-08-27 00:00:00,sleep_times_woken,31.0
2017-06-26 00:00:00,sleep_times_woken,15.0
2016-08-24 00:00:00,sleep_times_woken,29.0
2015-01-21 00:00:00,weight,73.0
2015-04-20 00:00:00,weight,72.0
2017-02-02 00:00:00,weight,74.0
2016-04-08 00:00:00,weight,74.0
2013-12-02 00:00:00,weight,70.0
2016-08-02 00:00:00,weight,69.0
2016-06-12 00:00:00,weight,71.9987
2015-10-28 00:00:00,weight,74.0
2017-02-02 00:00:00,fat_percent,20.0
2016-08-02 00:00:00,fat_percent,20.0
2016-06-12 00:00:00,fat_percent,20.0
